UID,Prompt Text,Domain(s),Tags,Source,Created Time
RP-rec7yJ0lBtc6iUahW,,,resistance,,5/9/2025 9:55pm
RP-recnWwOl07Bjm7qtk,,,grief,,5/9/2025 9:55pm
RP-recHe94Ojh3bUwoq0,,,mission,,5/9/2025 10:26pm
RP-recGLCmVBO1uubij4,,,clarity,,5/9/2025 10:26pm
RP-recnNwdYNN5GRB3cS,,,control,,5/9/2025 10:26pm
RP-recmTrWkFInCMz8vl,,,presence,,5/9/2025 10:26pm
RP-recAUyaEoIpofnpu9,,,rebuilding,,5/9/2025 10:26pm
RP-rec5jsn6LV6xNlhdq,,,freedom,,5/9/2025 10:26pm
RP-recc4kXUmE0v6p0NN,,,Legacy,,5/9/2025 10:26pm
RP-recUuQfcJQSWHC6l9,,,Rilke,,5/9/2025 10:26pm
RP-recZITDnXHtUr3Ulf,,,Second Mountain,,5/9/2025 10:26pm
RP-recqiqjFWQJ0gEJJQ,,,Original,,5/9/2025 10:26pm
RP-recmFez12v0Tv4PEc,,,Inner Game,,5/9/2025 10:26pm